{
  "title": "Booking resource",
  "description": "Booking resource object",
  "type": "object",
  "properties": {
    "id": {
      "description": "Booking id",
      "type": "integer"
    },
    "first_name": {
      "description": "First name",
      "type": "string",
      "minLength": 1,
      "maxLength": 255
    },
    "last_name": {
      "description": "Last name",
      "type": "string",
      "minLength": 1,
      "maxLength": 255
    },
    "date_of_birth": {
      "description": "date of birth",
      "type": "string",
      "minLength": 1,
      "maxLength": 255
    },
    "checkin_datetime": {
      "description": "check-in date time",
      "type": "string",
      "minLength": 1,
      "maxLength": 255
    },
    "checkout_datetime": {
      "description": "checkout date time",
      "type": "string",
      "minLength": 1,
      "maxLength": 255
    },
    "total_price": {
      "description": "total price",
      "type": "number",
      "minLength": 1,
      "maxLength": 255
    },
    "deposit": {
      "description": "Deposit",
      "type": "number",
      "minLength": 1,
      "maxLength": 255
    },
    "address": {
      "line1": {
        "description": "first line of address",
        "type": "string",
        "minLength": 1,
        "maxLength": 255
      },
      "line2": {
        "description": "second line",
        "type": "string",
        "minLength": 1,
        "maxLength": 255
      },
      "city": {
        "description": "city",
        "type": "string",
        "minLength": 1,
        "maxLength": 255
      },
      "state": {
        "description": "state",
        "type": "string",
        "minLength": 1,
        "maxLength": 255
      },
      "zipcode": {
        "description": "Zip code",
        "type": "string",
        "minLength": 1,
        "maxLength": 255
      }

    }
  },
  "required": [
    "first_name",
    "last_name"
  ]
}